{
  "Army": 38.55,
  "Charlotte": 34.983333333333334,
  "Texas A&M": 34.56666666666667,
  "Air Force": 34.36666666666667,
  "Michigan": 34.3,
  "Western Michigan": 33.6,
  "Georgia Tech": 33.45,
  "Navy": 33.36666666666667,
  "Ohio": 33.3,
  "Boise State": 33.21666666666667,
  "Cincinnati": 33.166666666666664,
  "NC State": 33.1,
  "Southern Mississippi": 32.833333333333336,
  "Michigan State": 32.8,
  "Coastal Carolina": 32.78333333333333,
  "UAB": 32.75,
  "Rice": 32.666666666666664,
  "Baylor": 32.666666666666664,
  "Pittsburgh": 32.56666666666667,
  "Virginia": 32.55,
  "Iowa": 32.53333333333333,
  "Texas": 32.46666666666667,
  "Washington": 32.333333333333336,
  "Tulane": 32.25,
  "Washington State": 32.21666666666667,
  "Minnesota": 32.15,
  "Georgia Southern": 32.13333333333333,
  "Wisconsin": 32.06666666666667,
  "Ohio State": 31.933333333333334,
  "Kansas State": 31.833333333333332,
  "LSU": 31.816666666666666,
  "Connecticut": 31.7,
  "Buffalo": 31.533333333333335,
  "North Texas": 31.483333333333334,
  "Georgia": 31.483333333333334,
  "Colorado State": 31.083333333333332,
  "Vanderbilt": 31.066666666666666,
  "Mississippi State": 31.016666666666666,
  "TCU": 30.966666666666665,
  "Missouri": 30.883333333333333,
  "Fresno State": 30.783333333333335,
  "Florida International": 30.716666666666665,
  "Kentucky": 30.65,
  "Georgia State": 30.583333333333332,
  "Appalachian State": 30.566666666666666,
  "Syracuse": 30.466666666666665,
  "Middle Tennessee": 30.433333333333334,
  "BYU": 30.416666666666668,
  "UNLV": 30.383333333333333,
  "Miami (OH)": 30.366666666666667,
  "East Carolina": 30.35,
  "Alabama": 30.316666666666666,
  "California": 30.316666666666666,
  "San Diego State": 30.3,
  "Louisiana Tech": 30.25,
  "Virginia Tech": 30.216666666666665,
  "Texas Tech": 30.216666666666665,
  "Oregon State": 30.166666666666668,
  "Arkansas State": 30.116666666666667,
  "Stanford": 30.066666666666666,
  "Troy": 30.033333333333335,
  "South Alabama": 30.016666666666666,
  "Northwestern": 29.983333333333334,
  "Wyoming": 29.933333333333334,
  "Florida": 29.933333333333334,
  "Eastern Michigan": 29.883333333333333,
  "Arkansas": 29.85,
  "Utah": 29.816666666666666,
  "UTEP": 29.783333333333335,
  "Kansas": 29.783333333333335,
  "Marshall": 29.733333333333334,
  "Purdue": 29.633333333333333,
  "Louisville": 29.616666666666667,
  "Colorado": 29.616666666666667,
  "Arizona State": 29.516666666666666,
  "Toledo": 29.433333333333334,
  "Western Kentucky": 29.383333333333333,
  "Florida Atlantic": 29.383333333333333,
  "Old Dominion": 29.35,
  "Bowling Green": 29.3,
  "Hawai'i": 29.283333333333335,
  "Nevada": 29.25,
  "Memphis": 29.2,
  "Tulsa": 29.183333333333334,
  "Tennessee": 29.166666666666668,
  "Miami": 29.05,
  "Notre Dame": 29.05,
  "Maryland": 29.016666666666666,
  "Oklahoma": 28.966666666666665,
  "Rutgers": 28.9,
  "Iowa State": 28.883333333333333,
  "West Virginia": 28.833333333333332,
  "Indiana": 28.8,
  "USC": 28.8,
  "Clemson": 28.75,
  "Illinois": 28.566666666666666,
  "Temple": 28.566666666666666,
  "Louisiana": 28.533333333333335,
  "Auburn": 28.35,
  "Arizona": 28.25,
  "North Carolina": 28.25,
  "Wake Forest": 28.216666666666665,
  "Northern Illinois": 28.2,
  "Akron": 28.15,
  "Oregon": 27.916666666666668,
  "Ball State": 27.9,
  "Texas State": 27.883333333333333,
  "Kent State": 27.85,
  "Duke": 27.816666666666666,
  "Boston College": 27.816666666666666,
  "Nebraska": 27.716666666666665,
  "Penn State": 27.683333333333334,
  "Louisiana Monroe": 27.65,
  "UT San Antonio": 27.633333333333333,
  "Florida State": 27.616666666666667,
  "New Mexico": 27.6,
  "UCLA": 27.566666666666666,
  "Oklahoma State": 27.433333333333334,
  "UMass": 27.4,
  "SMU": 27.233333333333334,
  "South Florida": 27,
  "Ole Miss": 26.966666666666665,
  "Central Michigan": 26.716666666666665,
  "Utah State": 26.566666666666666,
  "San José State": 26.55,
  "UCF": 25.416666666666668,
  "New Mexico State": 25.166666666666668,
  "Houston": 25.05,
  "South Carolina": 24.933333333333334,
  "Liberty": 29.45
}
