{
  "ACC": 0.8392857142857143,
  "American Athletic": 0.7628865979381443,
  "Big 12": 0.9066666666666666,
  "Big Ten": 0.8679245283018868,
  "Conference USA": 0.6991150442477876,
  "FBS Independents": 0.6212121212121212,
  "Mid-American": 0.6907216494845361,
  "Mountain West": 0.7653061224489796,
  "Pac-12": 0.8681318681318682,
  "SEC": 0.9469026548672567,
  "Sun Belt": 0.775
}
