{
  "Air Force": 0.5144927536231884,
  "Akron": 0.49295774647887325,
  "Alabama": 0.538961038961039,
  "Appalachian State": 0.4928571428571429,
  "Arizona": 0.5214285714285715,
  "Arizona State": 0.4868421052631579,
  "Arkansas": 0.5845070422535211,
  "Arkansas State": 0.4892086330935252,
  "Army": 0.5116279069767442,
  "Auburn": 0.6099290780141844,
  "Ball State": 0.48201438848920863,
  "Baylor": 0.5428571428571428,
  "Boise State": 0.5542168674698795,
  "Boston College": 0.5563380281690141,
  "Bowling Green": 0.48201438848920863,
  "Buffalo": 0.44370860927152317,
  "BYU": 0.5763888888888888,
  "California": 0.49635036496350365,
  "Central Michigan": 0.49645390070921985,
  "Charlotte": 0.5434782608695652,
  "Cincinnati": 0.463768115942029,
  "Clemson": 0.5714285714285714,
  "Coastal Carolina": 0.5602836879432624,
  "Colorado": 0.4748201438848921,
  "Colorado State": 0.5,
  "Connecticut": 0.5785714285714286,
  "Duke": 0.593103448275862,
  "East Carolina": 0.55,
  "Eastern Michigan": 0.475177304964539,
  "Florida": 0.5703125,
  "Florida Atlantic": 0.5957446808510638,
  "Florida International": 0.40145985401459855,
  "Florida State": 0.6458333333333334,
  "Fresno State": 0.4868421052631579,
  "Georgia": 0.6178343949044586,
  "Georgia Southern": 0.5072463768115942,
  "Georgia State": 0.5915492957746479,
  "Georgia Tech": 0.5314685314685315,
  "Hawai'i": 0.49019607843137253,
  "Houston": 0.4028776978417266,
  "Illinois": 0.4785714285714286,
  "Indiana": 0.5714285714285714,
  "Iowa": 0.5177304964539007,
  "Iowa State": 0.55,
  "Kansas": 0.5071428571428571,
  "Kansas State": 0.5531914893617021,
  "Kent State": 0.4927536231884058,
  "Kentucky": 0.528169014084507,
  "Liberty": 0.504,
  "Louisiana": 0.5526315789473685,
  "Louisiana Monroe": 0.49635036496350365,
  "Louisiana Tech": 0.44525547445255476,
  "Louisville": 0.6597222222222222,
  "LSU": 0.5833333333333334,
  "Marshall": 0.47058823529411764,
  "Maryland": 0.5584415584415584,
  "Memphis": 0.44666666666666666,
  "Miami": 0.5428571428571428,
  "Miami (OH)": 0.551948051948052,
  "Michigan": 0.5555555555555556,
  "Michigan State": 0.5294117647058824,
  "Middle Tennessee": 0.551948051948052,
  "Minnesota": 0.5490196078431373,
  "Mississippi State": 0.6153846153846154,
  "Missouri": 0.5902777777777778,
  "Navy": 0.632258064516129,
  "NC State": 0.5072463768115942,
  "Nebraska": 0.6153846153846154,
  "Nevada": 0.4642857142857143,
  "New Mexico": 0.5434782608695652,
  "New Mexico State": 0.4855072463768116,
  "North Carolina": 0.5538461538461539,
  "Northern Illinois": 0.5120481927710844,
  "North Texas": 0.3925925925925926,
  "Northwestern": 0.5602409638554217,
  "Notre Dame": 0.5225806451612903,
  "Ohio": 0.48201438848920863,
  "Ohio State": 0.47878787878787876,
  "Oklahoma": 0.5393939393939394,
  "Oklahoma State": 0.5571428571428572,
  "Old Dominion": 0.4676258992805755,
  "Ole Miss": 0.5460992907801419,
  "Oregon": 0.4785714285714286,
  "Oregon State": 0.6267605633802817,
  "Penn State": 0.5359477124183006,
  "Pittsburgh": 0.6602564102564102,
  "Purdue": 0.5714285714285714,
  "Rice": 0.5490196078431373,
  "Rutgers": 0.5584415584415584,
  "San Diego State": 0.524822695035461,
  "San José State": 0.6338028169014085,
  "SMU": 0.5563380281690141,
  "South Alabama": 0.5845070422535211,
  "South Carolina": 0.6197183098591549,
  "Southern Mississippi": 0.4881889763779528,
  "South Florida": 0.4927536231884058,
  "Stanford": 0.5774647887323944,
  "Syracuse": 0.5285714285714286,
  "TCU": 0.5886524822695035,
  "Temple": 0.5035971223021583,
  "Tennessee": 0.6153846153846154,
  "Texas": 0.5304878048780488,
  "Texas A&M": 0.6620689655172414,
  "Texas State": 0.463768115942029,
  "Texas Tech": 0.5673758865248227,
  "Toledo": 0.4859154929577465,
  "Troy": 0.48905109489051096,
  "Tulane": 0.5524475524475524,
  "Tulsa": 0.47183098591549294,
  "UAB": 0.46710526315789475,
  "UCF": 0.4647887323943662,
  "UCLA": 0.643312101910828,
  "UMass": 0.5539568345323741,
  "UNLV": 0.4928571428571429,
  "USC": 0.5490196078431373,
  "Utah": 0.5741935483870968,
  "Utah State": 0.41605839416058393,
  "UTEP": 0.4492753623188406,
  "UT San Antonio": 0.506578947368421,
  "Vanderbilt": 0.6056338028169014,
  "Virginia": 0.4892086330935252,
  "Virginia Tech": 0.5467625899280576,
  "Wake Forest": 0.5874125874125874,
  "Washington": 0.5548387096774193,
  "Washington State": 0.4892086330935252,
  "Western Kentucky": 0.45652173913043476,
  "Western Michigan": 0.48201438848920863,
  "West Virginia": 0.5390625,
  "Wisconsin": 0.47368421052631576,
  "Wyoming": 0.5357142857142857
}
