{
  "Air Force": 0.4959349593495935,
  "Akron": 0.4838709677419355,
  "Alabama": 0.5970149253731343,
  "Appalachian State": 0.5371900826446281,
  "Arizona": 0.5163934426229508,
  "Arizona State": 0.5,
  "Arkansas": 0.5655737704918032,
  "Arkansas State": 0.4959349593495935,
  "Army": 0.5526315789473685,
  "Auburn": 0.6341463414634146,
  "Ball State": 0.47540983606557374,
  "Baylor": 0.5409836065573771,
  "Boise State": 0.5664335664335665,
  "Boston College": 0.5737704918032787,
  "Bowling Green": 0.45901639344262296,
  "Buffalo": 0.46616541353383456,
  "BYU": 0.5952380952380952,
  "California": 0.48760330578512395,
  "Central Michigan": 0.4715447154471545,
  "Charlotte": 0.5245901639344263,
  "Cincinnati": 0.4918032786885246,
  "Clemson": 0.6240601503759399,
  "Coastal Carolina": 0.5528455284552846,
  "Colorado": 0.4715447154471545,
  "Colorado State": 0.4715447154471545,
  "Connecticut": 0.5528455284552846,
  "Duke": 0.6016260162601627,
  "East Carolina": 0.5537190082644629,
  "Eastern Michigan": 0.4959349593495935,
  "Florida": 0.6126126126126126,
  "Florida Atlantic": 0.6016260162601627,
  "Florida International": 0.4065040650406504,
  "Florida State": 0.6585365853658537,
  "Fresno State": 0.518796992481203,
  "Georgia": 0.6716417910447762,
  "Georgia Southern": 0.5163934426229508,
  "Georgia State": 0.5772357723577236,
  "Georgia Tech": 0.5447154471544715,
  "Hawai'i": 0.48148148148148145,
  "Houston": 0.4112903225806452,
  "Illinois": 0.45081967213114754,
  "Indiana": 0.5714285714285714,
  "Iowa": 0.5365853658536586,
  "Iowa State": 0.5573770491803278,
  "Kansas": 0.48360655737704916,
  "Kansas State": 0.5491803278688525,
  "Kent State": 0.4672131147540984,
  "Kentucky": 0.5691056910569106,
  "Liberty": 0.48148148148148145,
  "Louisiana": 0.549618320610687,
  "Louisiana Monroe": 0.48760330578512395,
  "Louisiana Tech": 0.4426229508196721,
  "Louisville": 0.6341463414634146,
  "LSU": 0.6129032258064516,
  "Marshall": 0.48760330578512395,
  "Maryland": 0.5597014925373134,
  "Memphis": 0.45038167938931295,
  "Miami": 0.5537190082644629,
  "Miami (OH)": 0.5522388059701493,
  "Michigan": 0.5970149253731343,
  "Michigan State": 0.5447761194029851,
  "Middle Tennessee": 0.556390977443609,
  "Minnesota": 0.5407407407407407,
  "Mississippi State": 0.6260162601626016,
  "Missouri": 0.6290322580645161,
  "Navy": 0.6343283582089553,
  "NC State": 0.5041322314049587,
  "Nebraska": 0.6016260162601627,
  "Nevada": 0.47580645161290325,
  "New Mexico": 0.5121951219512195,
  "New Mexico State": 0.44166666666666665,
  "North Carolina": 0.5405405405405406,
  "Northern Illinois": 0.5310344827586206,
  "North Texas": 0.39344262295081966,
  "Northwestern": 0.5763888888888888,
  "Notre Dame": 0.5703703703703704,
  "Ohio": 0.4959349593495935,
  "Ohio State": 0.5138888888888888,
  "Oklahoma": 0.5704225352112676,
  "Oklahoma State": 0.5609756097560976,
  "Old Dominion": 0.44715447154471544,
  "Ole Miss": 0.5409836065573771,
  "Oregon": 0.4959349593495935,
  "Oregon State": 0.6016260162601627,
  "Penn State": 0.5597014925373134,
  "Pittsburgh": 0.6893939393939394,
  "Purdue": 0.5746268656716418,
  "Rice": 0.5112781954887218,
  "Rutgers": 0.5333333333333333,
  "San Diego State": 0.532258064516129,
  "San José State": 0.6016260162601627,
  "SMU": 0.5609756097560976,
  "South Alabama": 0.5609756097560976,
  "South Carolina": 0.6341463414634146,
  "Southern Mississippi": 0.4732142857142857,
  "South Florida": 0.5041322314049587,
  "Stanford": 0.6178861788617886,
  "Syracuse": 0.5573770491803278,
  "TCU": 0.5934959349593496,
  "Temple": 0.5365853658536586,
  "Tennessee": 0.6311475409836066,
  "Texas": 0.5563380281690141,
  "Texas A&M": 0.6854838709677419,
  "Texas State": 0.4262295081967213,
  "Texas Tech": 0.5655737704918032,
  "Toledo": 0.5,
  "Troy": 0.5040650406504065,
  "Tulane": 0.552,
  "Tulsa": 0.45161290322580644,
  "UAB": 0.48484848484848486,
  "UCF": 0.5284552845528455,
  "UCLA": 0.6470588235294118,
  "UMass": 0.5327868852459017,
  "UNLV": 0.4715447154471545,
  "USC": 0.5522388059701493,
  "Utah": 0.5939849624060151,
  "Utah State": 0.43902439024390244,
  "UTEP": 0.4065040650406504,
  "UT San Antonio": 0.47368421052631576,
  "Vanderbilt": 0.6260162601626016,
  "Virginia": 0.5041322314049587,
  "Virginia Tech": 0.5537190082644629,
  "Wake Forest": 0.5887096774193549,
  "Washington": 0.5909090909090909,
  "Washington State": 0.5203252032520326,
  "Western Kentucky": 0.4180327868852459,
  "Western Michigan": 0.4918032786885246,
  "West Virginia": 0.5535714285714286,
  "Wisconsin": 0.47368421052631576,
  "Wyoming": 0.532258064516129
}
