{
  "ACC": 0.8303571428571429,
  "American Athletic": 0.8556701030927835,
  "Big 12": 0.9210526315789473,
  "Big Ten": 0.9245283018867925,
  "Conference USA": 0.7168141592920354,
  "FBS Independents": 0.47761194029850745,
  "Mid-American": 0.6907216494845361,
  "Mountain West": 0.8163265306122449,
  "Pac-12": 0.8681318681318682,
  "SEC": 0.8761061946902655,
  "Sun Belt": 0.7777777777777778
}
