{
  "Air Force": 0.8163265306122449,
  "Akron": 0.6907216494845361,
  "Alabama": 0.8761061946902655,
  "Appalachian State": 0.7777777777777778,
  "Arizona": 0.8681318681318682,
  "Arizona State": 0.8681318681318682,
  "Arkansas": 0.8761061946902655,
  "Arkansas State": 0.7777777777777778,
  "Army": 0.385,
  "Auburn": 0.8761061946902655,
  "Ball State": 0.6907216494845361,
  "Baylor": 0.9210526315789473,
  "Boise State": 0.8163265306122449,
  "Boston College": 0.8303571428571429,
  "Bowling Green": 0.6907216494845361,
  "Buffalo": 0.6907216494845361,
  "BYU": 0.538,
  "California": 0.8681318681318682,
  "Central Michigan": 0.6907216494845361,
  "Charlotte": 0.7168141592920354,
  "Cincinnati": 0.8556701030927835,
  "Clemson": 0.8303571428571429,
  "Coastal Carolina": 0.7777777777777778,
  "Colorado": 0.8681318681318682,
  "Colorado State": 0.8163265306122449,
  "Connecticut": 0.8556701030927835,
  "Duke": 0.8303571428571429,
  "East Carolina": 0.8556701030927835,
  "Eastern Michigan": 0.6907216494845361,
  "Florida": 0.8761061946902655,
  "Florida Atlantic": 0.7168141592920354,
  "Florida International": 0.7168141592920354,
  "Florida State": 0.8303571428571429,
  "Fresno State": 0.8163265306122449,
  "Georgia": 0.8761061946902655,
  "Georgia Southern": 0.7777777777777778,
  "Georgia State": 0.7777777777777778,
  "Georgia Tech": 0.8303571428571429,
  "Hawai'i": 0.8163265306122449,
  "Houston": 0.8556701030927835,
  "Illinois": 0.9245283018867925,
  "Indiana": 0.9245283018867925,
  "Iowa": 0.9245283018867925,
  "Iowa State": 0.9210526315789473,
  "Kansas": 0.9210526315789473,
  "Kansas State": 0.9210526315789473,
  "Kent State": 0.6907216494845361,
  "Kentucky": 0.8761061946902655,
  "Liberty": 0.615,
  "Louisiana": 0.7777777777777778,
  "Louisiana Monroe": 0.7777777777777778,
  "Louisiana Tech": 0.7168141592920354,
  "Louisville": 0.8303571428571429,
  "LSU": 0.8761061946902655,
  "Marshall": 0.7168141592920354,
  "Maryland": 0.9245283018867925,
  "Memphis": 0.8556701030927835,
  "Miami": 0.8303571428571429,
  "Miami (OH)": 0.6907216494845361,
  "Michigan": 0.9245283018867925,
  "Michigan State": 0.9245283018867925,
  "Middle Tennessee": 0.7168141592920354,
  "Minnesota": 0.9245283018867925,
  "Mississippi State": 0.8761061946902655,
  "Missouri": 0.8761061946902655,
  "Navy": 0.8556701030927835,
  "NC State": 0.8303571428571429,
  "Nebraska": 0.9245283018867925,
  "Nevada": 0.8163265306122449,
  "New Mexico": 0.8163265306122449,
  "New Mexico State": 0.167,
  "North Carolina": 0.8303571428571429,
  "Northern Illinois": 0.6907216494845361,
  "North Texas": 0.7168141592920354,
  "Northwestern": 0.9245283018867925,
  "Notre Dame": 0.846,
  "Ohio": 0.6907216494845361,
  "Ohio State": 0.9245283018867925,
  "Oklahoma": 0.9210526315789473,
  "Oklahoma State": 0.9210526315789473,
  "Old Dominion": 0.7168141592920354,
  "Ole Miss": 0.8761061946902655,
  "Oregon": 0.8681318681318682,
  "Oregon State": 0.8681318681318682,
  "Penn State": 0.9245283018867925,
  "Pittsburgh": 0.8303571428571429,
  "Purdue": 0.9245283018867925,
  "Rice": 0.7168141592920354,
  "Rutgers": 0.9245283018867925,
  "San Diego State": 0.8163265306122449,
  "San José State": 0.8163265306122449,
  "SMU": 0.8556701030927835,
  "South Alabama": 0.7777777777777778,
  "South Carolina": 0.8761061946902655,
  "Southern Mississippi": 0.7168141592920354,
  "South Florida": 0.8556701030927835,
  "Stanford": 0.8681318681318682,
  "Syracuse": 0.8303571428571429,
  "TCU": 0.9210526315789473,
  "Temple": 0.8556701030927835,
  "Tennessee": 0.8761061946902655,
  "Texas": 0.9210526315789473,
  "Texas A&M": 0.8761061946902655,
  "Texas State": 0.7777777777777778,
  "Texas Tech": 0.9210526315789473,
  "Toledo": 0.6907216494845361,
  "Troy": 0.7777777777777778,
  "Tulane": 0.8556701030927835,
  "Tulsa": 0.8556701030927835,
  "UAB": 0.7168141592920354,
  "UCF": 0.8556701030927835,
  "UCLA": 0.8681318681318682,
  "UMass": 0.083,
  "UNLV": 0.8163265306122449,
  "USC": 0.8681318681318682,
  "Utah": 0.8681318681318682,
  "Utah State": 0.8163265306122449,
  "UTEP": 0.7168141592920354,
  "UT San Antonio": 0.7168141592920354,
  "Vanderbilt": 0.8761061946902655,
  "Virginia": 0.8303571428571429,
  "Virginia Tech": 0.8303571428571429,
  "Wake Forest": 0.8303571428571429,
  "Washington": 0.8681318681318682,
  "Washington State": 0.8681318681318682,
  "Western Kentucky": 0.7168141592920354,
  "Western Michigan": 0.6907216494845361,
  "West Virginia": 0.9210526315789473,
  "Wisconsin": 0.9245283018867925,
  "Wyoming": 0.8163265306122449
}
