{
  "Air Force": 0.5177304964539007,
  "Akron": 0.47096774193548385,
  "Alabama": 0.5,
  "Appalachian State": 0.4868421052631579,
  "Arizona": 0.5563380281690141,
  "Arizona State": 0.5460992907801419,
  "Arkansas": 0.6028368794326241,
  "Arkansas State": 0.5107913669064749,
  "Army": 0.5460992907801419,
  "Auburn": 0.6551724137931034,
  "Ball State": 0.5384615384615384,
  "Baylor": 0.5197368421052632,
  "Boise State": 0.5256410256410257,
  "Boston College": 0.5460992907801419,
  "Bowling Green": 0.5594405594405595,
  "Buffalo": 0.5070422535211268,
  "BYU": 0.5845070422535211,
  "California": 0.5285714285714286,
  "Central Michigan": 0.4342105263157895,
  "Charlotte": 0.5070422535211268,
  "Cincinnati": 0.5568862275449101,
  "Clemson": 0.49019607843137253,
  "Coastal Carolina": 0.4928571428571429,
  "Colorado": 0.5555555555555556,
  "Colorado State": 0.5144927536231884,
  "Connecticut": 0.5285714285714286,
  "Duke": 0.5673758865248227,
  "East Carolina": 0.5158730158730159,
  "Eastern Michigan": 0.4676258992805755,
  "Florida": 0.5923076923076923,
  "Florida Atlantic": 0.538961038961039,
  "Florida International": 0.4642857142857143,
  "Florida State": 0.6111111111111112,
  "Fresno State": 0.5602836879432624,
  "Georgia": 0.6103896103896104,
  "Georgia Southern": 0.5915492957746479,
  "Georgia State": 0.4892086330935252,
  "Georgia Tech": 0.5902777777777778,
  "Hawai'i": 0.5393939393939394,
  "Houston": 0.6223776223776224,
  "Illinois": 0.45695364238410596,
  "Indiana": 0.46715328467153283,
  "Iowa": 0.5228758169934641,
  "Iowa State": 0.5642857142857143,
  "Kansas": 0.5602836879432624,
  "Kansas State": 0.5142857142857142,
  "Kent State": 0.49645390070921985,
  "Kentucky": 0.5179856115107914,
  "Liberty": 0.3888888888888889,
  "Louisiana": 0.5359477124183006,
  "Louisiana Monroe": 0.5664335664335665,
  "Louisiana Tech": 0.391304347826087,
  "Louisville": 0.5972222222222222,
  "LSU": 0.5714285714285714,
  "Marshall": 0.5664335664335665,
  "Maryland": 0.5928571428571429,
  "Memphis": 0.5328947368421053,
  "Miami": 0.5524475524475524,
  "Miami (OH)": 0.5419354838709678,
  "Michigan": 0.5806451612903226,
  "Michigan State": 0.5454545454545454,
  "Middle Tennessee": 0.5214285714285715,
  "Minnesota": 0.47101449275362317,
  "Mississippi State": 0.6319444444444444,
  "Missouri": 0.5072463768115942,
  "Navy": 0.5323741007194245,
  "NC State": 0.5071428571428571,
  "Nebraska": 0.5263157894736842,
  "Nevada": 0.4785714285714286,
  "New Mexico": 0.5944055944055944,
  "New Mexico State": 0.4928571428571429,
  "North Carolina": 0.5734265734265734,
  "Northern Illinois": 0.46808510638297873,
  "North Texas": 0.48201438848920863,
  "Northwestern": 0.5424836601307189,
  "Notre Dame": 0.551948051948052,
  "Ohio": 0.49645390070921985,
  "Ohio State": 0.5764705882352941,
  "Oklahoma": 0.5131578947368421,
  "Oklahoma State": 0.5179856115107914,
  "Old Dominion": 0.5524475524475524,
  "Ole Miss": 0.5774647887323944,
  "Oregon": 0.5424836601307189,
  "Oregon State": 0.5763888888888888,
  "Penn State": 0.5886524822695035,
  "Pittsburgh": 0.5460992907801419,
  "Purdue": 0.5394736842105263,
  "Rice": 0.512987012987013,
  "Rutgers": 0.6,
  "San Diego State": 0.4460431654676259,
  "San José State": 0.5035460992907801,
  "SMU": 0.49333333333333335,
  "South Alabama": 0.5944055944055944,
  "South Carolina": 0.696551724137931,
  "Southern Mississippi": 0.5214285714285715,
  "South Florida": 0.6153846153846154,
  "Stanford": 0.5526315789473685,
  "Syracuse": 0.5422535211267606,
  "TCU": 0.5673758865248227,
  "Temple": 0.5285714285714286,
  "Tennessee": 0.5915492957746479,
  "Texas": 0.5870967741935483,
  "Texas A&M": 0.5874125874125874,
  "Texas State": 0.5815602836879432,
  "Texas Tech": 0.5142857142857142,
  "Toledo": 0.4857142857142857,
  "Troy": 0.4928571428571429,
  "Tulane": 0.574468085106383,
  "Tulsa": 0.6258064516129033,
  "UAB": 0.4,
  "UCF": 0.48201438848920863,
  "UCLA": 0.5935483870967742,
  "UMass": 0.39855072463768115,
  "UNLV": 0.524822695035461,
  "USC": 0.5620915032679739,
  "Utah": 0.5263157894736842,
  "Utah State": 0.6153846153846154,
  "UTEP": 0.45323741007194246,
  "UT San Antonio": 0.49295774647887325,
  "Vanderbilt": 0.5785714285714286,
  "Virginia": 0.5483870967741935,
  "Virginia Tech": 0.5,
  "Wake Forest": 0.5177304964539007,
  "Washington": 0.5594405594405595,
  "Washington State": 0.5107913669064749,
  "Western Kentucky": 0.4788732394366197,
  "Western Michigan": 0.4785714285714286,
  "West Virginia": 0.5428571428571428,
  "Wisconsin": 0.5952380952380952,
  "Wyoming": 0.5072463768115942
}
