{
  "Air Force": 0.544,
  "Akron": 0.42962962962962964,
  "Alabama": 0.5245901639344263,
  "Appalachian State": 0.5303030303030303,
  "Arizona": 0.536,
  "Arizona State": 0.5528455284552846,
  "Arkansas": 0.5655737704918032,
  "Arkansas State": 0.5203252032520326,
  "Army": 0.5203252032520326,
  "Auburn": 0.6693548387096774,
  "Ball State": 0.5403225806451613,
  "Baylor": 0.5606060606060606,
  "Boise State": 0.5746268656716418,
  "Boston College": 0.5491803278688525,
  "Bowling Green": 0.5365853658536586,
  "Buffalo": 0.5121951219512195,
  "BYU": 0.6016260162601627,
  "California": 0.5365853658536586,
  "Central Michigan": 0.44776119402985076,
  "Charlotte": 0.5080645161290323,
  "Cincinnati": 0.6,
  "Clemson": 0.5413533834586466,
  "Coastal Carolina": 0.4796747967479675,
  "Colorado": 0.5522388059701493,
  "Colorado State": 0.4918032786885246,
  "Connecticut": 0.4918032786885246,
  "Duke": 0.5655737704918032,
  "East Carolina": 0.4864864864864865,
  "Eastern Michigan": 0.45901639344262296,
  "Florida": 0.625,
  "Florida Atlantic": 0.582089552238806,
  "Florida International": 0.45081967213114754,
  "Florida State": 0.6370967741935484,
  "Fresno State": 0.5447154471544715,
  "Georgia": 0.631578947368421,
  "Georgia Southern": 0.5887096774193549,
  "Georgia State": 0.4878048780487805,
  "Georgia Tech": 0.5887096774193549,
  "Hawai'i": 0.5486111111111112,
  "Houston": 0.6209677419354839,
  "Illinois": 0.45112781954887216,
  "Indiana": 0.47540983606557374,
  "Iowa": 0.5597014925373134,
  "Iowa State": 0.5853658536585366,
  "Kansas": 0.5609756097560976,
  "Kansas State": 0.5447154471544715,
  "Kent State": 0.4959349593495935,
  "Kentucky": 0.5163934426229508,
  "Liberty": 0.38181818181818183,
  "Louisiana": 0.5454545454545454,
  "Louisiana Monroe": 0.5725806451612904,
  "Louisiana Tech": 0.4098360655737705,
  "Louisville": 0.6260162601626016,
  "LSU": 0.6240601503759399,
  "Marshall": 0.5806451612903226,
  "Maryland": 0.5819672131147541,
  "Memphis": 0.5757575757575758,
  "Miami": 0.5609756097560976,
  "Miami (OH)": 0.5481481481481482,
  "Michigan": 0.6148148148148148,
  "Michigan State": 0.5671641791044776,
  "Middle Tennessee": 0.5081967213114754,
  "Minnesota": 0.5,
  "Mississippi State": 0.6341463414634146,
  "Missouri": 0.48360655737704916,
  "Navy": 0.5609756097560976,
  "NC State": 0.4918032786885246,
  "Nebraska": 0.5298507462686567,
  "Nevada": 0.46774193548387094,
  "New Mexico": 0.5645161290322581,
  "New Mexico State": 0.44166666666666665,
  "North Carolina": 0.5887096774193549,
  "Northern Illinois": 0.46774193548387094,
  "North Texas": 0.4672131147540984,
  "Northwestern": 0.5298507462686567,
  "Notre Dame": 0.5970149253731343,
  "Ohio": 0.4878048780487805,
  "Ohio State": 0.6438356164383562,
  "Oklahoma": 0.5757575757575758,
  "Oklahoma State": 0.5447154471544715,
  "Old Dominion": 0.532258064516129,
  "Ole Miss": 0.5609756097560976,
  "Oregon": 0.5864661654135338,
  "Oregon State": 0.568,
  "Penn State": 0.6229508196721312,
  "Pittsburgh": 0.5573770491803278,
  "Purdue": 0.5338345864661654,
  "Rice": 0.5037037037037037,
  "Rutgers": 0.5864661654135338,
  "San Diego State": 0.4634146341463415,
  "San José State": 0.488,
  "SMU": 0.518796992481203,
  "South Alabama": 0.576,
  "South Carolina": 0.6774193548387096,
  "Southern Mississippi": 0.5203252032520326,
  "South Florida": 0.6209677419354839,
  "Stanford": 0.5338345864661654,
  "Syracuse": 0.5409836065573771,
  "TCU": 0.5853658536585366,
  "Temple": 0.5365853658536586,
  "Tennessee": 0.6097560975609756,
  "Texas": 0.6148148148148148,
  "Texas A&M": 0.5967741935483871,
  "Texas State": 0.5528455284552846,
  "Texas Tech": 0.5121951219512195,
  "Toledo": 0.48360655737704916,
  "Troy": 0.4796747967479675,
  "Tulane": 0.5934959349593496,
  "Tulsa": 0.6194029850746269,
  "UAB": 0.39097744360902253,
  "UCF": 0.4878048780487805,
  "UCLA": 0.5925925925925926,
  "UMass": 0.3524590163934426,
  "UNLV": 0.5,
  "USC": 0.5746268656716418,
  "Utah": 0.556390977443609,
  "Utah State": 0.6341463414634146,
  "UTEP": 0.4180327868852459,
  "UT San Antonio": 0.472,
  "Vanderbilt": 0.5365853658536586,
  "Virginia": 0.5639097744360902,
  "Virginia Tech": 0.5135135135135135,
  "Wake Forest": 0.5409836065573771,
  "Washington": 0.576,
  "Washington State": 0.4959349593495935,
  "Western Kentucky": 0.5080645161290323,
  "Western Michigan": 0.4878048780487805,
  "West Virginia": 0.5528455284552846,
  "Wisconsin": 0.6319444444444444,
  "Wyoming": 0.5163934426229508
}
