{
  "Wisconsin": 35.61666666666667,
  "Air Force": 34.46666666666667,
  "Utah": 34.31666666666667,
  "Minnesota": 34.2,
  "Buffalo": 34.11666666666667,
  "San Diego State": 33.85,
  "Indiana": 33.71666666666667,
  "Navy": 33.483333333333334,
  "Kansas State": 33.45,
  "Coastal Carolina": 33.4,
  "Texas A&M": 33.1,
  "Virginia": 33.05,
  "Georgia Southern": 32.96666666666667,
  "Army": 32.916666666666664,
  "TCU": 32.916666666666664,
  "Northern Illinois": 32.75,
  "Connecticut": 32.61666666666667,
  "Georgia": 32.266666666666666,
  "Stanford": 32.18333333333333,
  "Kentucky": 32.15,
  "UTEP": 32.11666666666667,
  "Iowa": 32.016666666666666,
  "Western Kentucky": 32,
  "Charlotte": 31.983333333333334,
  "Ohio State": 31.95,
  "Cincinnati": 31.833333333333332,
  "Nevada": 31.766666666666666,
  "Ohio": 31.733333333333334,
  "Mississippi State": 31.65,
  "UAB": 31.6,
  "Southern Mississippi": 31.5,
  "Rice": 31.466666666666665,
  "Louisville": 31.45,
  "Michigan State": 31.383333333333333,
  "Hawai'i": 31.366666666666667,
  "Appalachian State": 31.316666666666666,
  "Boise State": 31.183333333333334,
  "Houston": 31.1,
  "Oklahoma": 31.033333333333335,
  "Marshall": 30.966666666666665,
  "Virginia Tech": 30.816666666666666,
  "Texas": 30.766666666666666,
  "Louisiana Tech": 30.733333333333334,
  "Old Dominion": 30.716666666666665,
  "Pittsburgh": 30.666666666666668,
  "Tulsa": 30.65,
  "Tulane": 30.6,
  "Wyoming": 30.583333333333332,
  "Colorado": 30.583333333333332,
  "Memphis": 30.516666666666666,
  "Iowa State": 30.4,
  "BYU": 30.383333333333333,
  "LSU": 30.366666666666667,
  "UCLA": 30.35,
  "Western Michigan": 30.35,
  "North Carolina": 30.316666666666666,
  "Central Michigan": 30.316666666666666,
  "Wake Forest": 30.3,
  "Ball State": 30.266666666666666,
  "Florida": 30.25,
  "Clemson": 30.25,
  "Miami": 30.233333333333334,
  "Colorado State": 30.216666666666665,
  "Washington": 30.1,
  "Toledo": 30.05,
  "Northwestern": 30.05,
  "Louisiana": 30.033333333333335,
  "Rutgers": 30.033333333333335,
  "UNLV": 30.016666666666666,
  "Alabama": 29.983333333333334,
  "New Mexico": 29.916666666666668,
  "Missouri": 29.9,
  "Auburn": 29.616666666666667,
  "Georgia State": 29.6,
  "East Carolina": 29.566666666666666,
  "Michigan": 29.516666666666666,
  "Louisiana Monroe": 29.416666666666668,
  "Tennessee": 29.35,
  "California": 29.35,
  "Washington State": 29.333333333333332,
  "NC State": 29.333333333333332,
  "UT San Antonio": 29.316666666666666,
  "Bowling Green": 29.316666666666666,
  "Syracuse": 29.316666666666666,
  "Temple": 29.25,
  "Arizona State": 29.216666666666665,
  "Vanderbilt": 29.166666666666668,
  "Fresno State": 29.033333333333335,
  "Duke": 29.016666666666666,
  "Florida International": 28.966666666666665,
  "Florida Atlantic": 28.933333333333334,
  "Nebraska": 28.9,
  "USC": 28.866666666666667,
  "SMU": 28.866666666666667,
  "Oklahoma State": 28.833333333333332,
  "Notre Dame": 28.683333333333334,
  "Troy": 28.583333333333332,
  "South Alabama": 28.55,
  "Eastern Michigan": 28.533333333333335,
  "Oregon State": 28.45,
  "West Virginia": 28.35,
  "Baylor": 28.316666666666666,
  "Oregon": 28.25,
  "Ole Miss": 28.233333333333334,
  "Texas Tech": 28.216666666666665,
  "North Texas": 28.133333333333333,
  "Miami (OH)": 28.066666666666666,
  "Penn State": 27.883333333333333,
  "South Florida": 27.833333333333332,
  "Boston College": 27.8,
  "Arkansas": 27.783333333333335,
  "Liberty": 27.733333333333334,
  "Arkansas State": 27.65,
  "Purdue": 27.583333333333332,
  "Arizona": 27.4,
  "New Mexico State": 27.216666666666665,
  "South Carolina": 27.016666666666666,
  "Middle Tennessee": 26.966666666666665,
  "Texas State": 26.733333333333334,
  "Kansas": 26.716666666666665,
  "Georgia Tech": 26.7,
  "Akron": 26.483333333333334,
  "UCF": 26.466666666666665,
  "San José State": 26.433333333333334,
  "Florida State": 26.25,
  "UMass": 26.233333333333334,
  "Kent State": 26.15,
  "Illinois": 26.033333333333335,
  "Maryland": 25.75,
  "Utah State": 24.983333333333334
}
